canonical_name,crest_url
Alaves,https://crests.football-data.org/263.png
Almeria,https://crests.football-data.org/267.png
Angers,https://crests.football-data.org/532.png
Arsenal,https://crests.football-data.org/57.png
Aston Villa,https://crests.football-data.org/58.png
Atalanta,https://crests.football-data.org/102.png
Ath Bilbao,https://crests.football-data.org/77.png
Ath Madrid,https://crests.football-data.org/78.png
Augsburg,https://crests.football-data.org/16.png
Auxerre,https://crests.football-data.org/519.png
Barcelona,https://crests.football-data.org/81.png
Bayern Munich,https://crests.football-data.org/5.png
Betis,https://crests.football-data.org/90.png
Bochum,https://crests.football-data.org/36.png
Bologna,https://crests.football-data.org/103.png
Bournemouth,https://crests.football-data.org/bournemouth.png
Brentford,https://crests.football-data.org/402.png
Brest,https://crests.football-data.org/512.png
Brighton,https://crests.football-data.org/397.png
Burnley,https://crests.football-data.org/328.png
Cadiz,https://crests.football-data.org/264.png
Cagliari,https://crests.football-data.org/104.png
Celta,https://crests.football-data.org/558.png
Chelsea,https://crests.football-data.org/61.png
Clermont,https://crests.football-data.org/541.png
Como,https://crests.football-data.org/7397.png
Coventry,https://crests.football-data.org/1076.png
Cremonese,https://crests.football-data.org/457.png
Crystal Palace,https://crests.football-data.org/354.png
Darmstadt,https://crests.football-data.org/55.png
Dortmund,https://crests.football-data.org/4.png
Ein Frankfurt,https://crests.football-data.org/19.png
Elche,https://crests.football-data.org/285.png
Elversberg,https://crests.football-data.org/719.png
Empoli,https://crests.football-data.org/445.png
Espanol,https://crests.football-data.org/80.png
Everton,https://crests.football-data.org/62.png
FC Koln,https://crests.football-data.org/1.png
Fiorentina,https://crests.football-data.org/99.png
Freiburg,https://crests.football-data.org/17.png
Frosinone,https://crests.football-data.org/470.png
Fulham,https://crests.football-data.org/63.png
Genoa,https://crests.football-data.org/107.png
Getafe,https://crests.football-data.org/82.png
Girona,https://crests.football-data.org/298.png
Granada,https://crests.football-data.org/83.png
Hamburg,https://crests.football-data.org/7.png
Heidenheim,https://crests.football-data.org/44.png
Hoffenheim,https://crests.football-data.org/2.png
Holstein Kiel,https://crests.football-data.org/720.png
Hull,https://crests.football-data.org/322.png
Inter,https://crests.football-data.org/108.png
Ipswich,https://crests.football-data.org/349.png
Juventus,https://crests.football-data.org/109.png
La Coruna,https://crests.football-data.org/560.png
Las Palmas,https://crests.football-data.org/275.png
Lazio,https://crests.football-data.org/110.png
Le Havre,https://crests.football-data.org/533.png
Le Mans,https://crests.football-data.org/535.png
Lecce,https://crests.football-data.org/5890.png
Leeds,https://crests.football-data.org/341.png
Leganes,https://crests.football-data.org/745.png
Leicester,https://crests.football-data.org/338.png
Lens,https://crests.football-data.org/546.png
Levante,https://crests.football-data.org/88.png
Leverkusen,https://crests.football-data.org/3.png
Lille,https://crests.football-data.org/521.png
Liverpool,https://crests.football-data.org/64.png
Lorient,https://crests.football-data.org/525.png
Luton,https://crests.football-data.org/389.png
Lyon,https://crests.football-data.org/523.png
M'gladbach,https://crests.football-data.org/18.png
Mainz,https://crests.football-data.org/15.png
Malaga,https://crests.football-data.org/84.png
Mallorca,https://crests.football-data.org/89.png
Man City,https://crests.football-data.org/65.png
Man United,https://crests.football-data.org/66.png
Marseille,https://crests.football-data.org/516.png
Metz,https://crests.football-data.org/545.png
Milan,https://crests.football-data.org/98.png
Monaco,https://crests.football-data.org/548.png
Montpellier,https://crests.football-data.org/518.png
Monza,https://crests.football-data.org/5911.png
Nantes,https://crests.football-data.org/543.png
Napoli,https://crests.football-data.org/113.png
Newcastle,https://crests.football-data.org/67.png
Nice,https://crests.football-data.org/522.png
Nott'm Forest,https://crests.football-data.org/351.png
Osasuna,https://crests.football-data.org/79.png
Oviedo,https://crests.football-data.org/1048.png
Paderborn,https://crests.football-data.org/29.png
Paris FC,https://crests.football-data.org/1045.png
Paris SG,https://crests.football-data.org/524.png
Parma,https://crests.football-data.org/112.png
Pisa,https://crests.football-data.org/487.png
RB Leipzig,https://crests.football-data.org/721.png
Real Madrid,https://crests.football-data.org/86.png
Reims,https://crests.football-data.org/547.png
Rennes,https://crests.football-data.org/529.png
Roma,https://crests.football-data.org/100.png
Salernitana,https://crests.football-data.org/455.png
Santander,https://crests.football-data.org/5335.png
Sassuolo,https://crests.football-data.org/471.png
Schalke 04,https://crests.football-data.org/6.png
Sevilla,https://crests.football-data.org/559.png
Sheffield United,https://crests.football-data.org/356.png
Sociedad,https://crests.football-data.org/92.png
Southampton,https://crests.football-data.org/340.png
St Etienne,https://crests.football-data.org/527.png
St Pauli,https://crests.football-data.org/20.png
Strasbourg,https://crests.football-data.org/576.png
Stuttgart,https://crests.football-data.org/10.png
Sunderland,https://crests.football-data.org/71.png
Torino,https://crests.football-data.org/586.png
Tottenham,https://crests.football-data.org/73.png
Toulouse,https://crests.football-data.org/511.png
Troyes,https://crests.football-data.org/531.png
Udinese,https://crests.football-data.org/115.png
Union Berlin,https://crests.football-data.org/28.png
Valencia,https://crests.football-data.org/95.png
Valladolid,https://crests.football-data.org/250.png
Vallecano,https://crests.football-data.org/87.png
Venezia,https://crests.football-data.org/454.png
Verona,https://crests.football-data.org/450.png
Villarreal,https://crests.football-data.org/94.png
Werder Bremen,https://crests.football-data.org/12.png
West Ham,https://crests.football-data.org/563.png
Wolfsburg,https://crests.football-data.org/11.png
Wolves,https://crests.football-data.org/76.png
