canonical_name,source,source_name
Arsenal,sportmonks,Arsenal
Atalanta,sportmonks,Atalanta
Ath Bilbao,sportmonks,Athletic Club
Ath Madrid,sportmonks,Atlético Madrid
Barcelona,sportmonks,FC Barcelona
Bayern Munich,sportmonks,FC Bayern München
Chelsea,sportmonks,Chelsea
Dortmund,sportmonks,Borussia Dortmund
Hoffenheim,sportmonks,TSG Hoffenheim
Inter,sportmonks,Inter
Juventus,sportmonks,Juventus
Lazio,sportmonks,Lazio
Leicester,sportmonks,Leicester City
Leverkusen,sportmonks,Bayer 04 Leverkusen
Lille,sportmonks,Lille
Liverpool,sportmonks,Liverpool
Lyon,sportmonks,Olympique Lyonnais
M'gladbach,sportmonks,Borussia Mönchengladbach
Malaga,sportmonks,Málaga
Man City,sportmonks,Manchester City
Man United,sportmonks,Manchester United
Marseille,sportmonks,Olympique Marseille
Milan,sportmonks,Milan
Monaco,sportmonks,Monaco
Montpellier,sportmonks,Montpellier
Napoli,sportmonks,Napoli
Nice,sportmonks,Nice
Paris SG,sportmonks,Paris Saint Germain
RB Leipzig,sportmonks,RB Leipzig
Real Madrid,sportmonks,Real Madrid
Rennes,sportmonks,Rennes
Roma,sportmonks,Roma
Schalke 04,sportmonks,Schalke 04
Sevilla,sportmonks,Sevilla
Sociedad,sportmonks,Real Sociedad
Tottenham,sportmonks,Tottenham Hotspur
Udinese,sportmonks,Udinese
Valencia,sportmonks,Valencia
Villarreal,sportmonks,Villarreal
Wolfsburg,sportmonks,VfL Wolfsburg
Union Berlin,football_data_org,1. FC Union Berlin
Milan,football_data_org,AC Milan
Monaco,football_data_org,AS Monaco FC
Roma,football_data_org,AS Roma
Arsenal,football_data_org,Arsenal FC
Aston Villa,football_data_org,Aston Villa FC
Atalanta,football_data_org,Atalanta BC
Ath Bilbao,football_data_org,Athletic Club
Leverkusen,football_data_org,Bayer 04 Leverkusen
Bologna,football_data_org,Bologna FC 1909
Dortmund,football_data_org,Borussia Dortmund
Chelsea,football_data_org,Chelsea FC
Ath Madrid,football_data_org,Club Atlético de Madrid
Como,football_data_org,Como 1907
Ein Frankfurt,football_data_org,Eintracht Frankfurt
Barcelona,football_data_org,FC Barcelona
Bayern Munich,football_data_org,FC Bayern München
Inter,football_data_org,FC Internazionale Milano
Girona,football_data_org,Girona FC
Juventus,football_data_org,Juventus FC
Lille,football_data_org,Lille OSC
Liverpool,football_data_org,Liverpool FC
Man City,football_data_org,Manchester City FC
Man United,football_data_org,Manchester United FC
Newcastle,football_data_org,Newcastle United FC
Marseille,football_data_org,Olympique de Marseille
Paris SG,football_data_org,Paris Saint-Germain FC
RB Leipzig,football_data_org,RB Leipzig
Lens,football_data_org,Racing Club de Lens
Betis,football_data_org,Real Betis Balompié
Real Madrid,football_data_org,Real Madrid CF
Sociedad,football_data_org,Real Sociedad de Fútbol
Lazio,football_data_org,SS Lazio
Napoli,football_data_org,SSC Napoli
Sevilla,football_data_org,Sevilla FC
Brest,football_data_org,Stade Brestois 29
Tottenham,football_data_org,Tottenham Hotspur FC
Stuttgart,football_data_org,VfB Stuttgart
Villarreal,football_data_org,Villarreal CF
